,media_error,desviacion_estandar,minimo,maximo
SARIMA,-0.7712945677249987,4.342786803749739,-10.82443799904442,9.116313227560866
