,lb_stat,lb_pvalue
6,6.499906243617268,0.36957626802452137
12,12.825865507286096,0.3818236261312704
