modelo,RMSE,MAE,MAPE_pct
SARIMA,3.0453205767246967,2.301140618118445,2.2755567511992645
Naive estacional,4.043934709691788,2.861762499999999,2.727490261340906
